{
    "name": "TBK Mini",
    "vendorId": "0xA8F8",
    "productId": "0x1828",
    "lighting": "none",
    "matrix": { "rows": 8, "cols": 6 },
    "layouts": {
        "keymap": [
            [
                {
                  "x": 2
                },
                "0,2",
                "0,3",
                "0,4",
                "0,5",
                {
                  "x": 5
                },
                "4,5",
                "4,4",
                "4,3",
                "4,2"
              ],
              [
                {
                  "y": -0.5
                },
                "0,0",
                "0,1",
                {
                  "x": 13
                },
                "4,1",
                "4,0"
              ],
              [
                {
                  "y": -0.5,
                  "x": 2
                },
                "1,2",
                "1,3",
                "1,4",
                "1,5",
                {
                  "x": 5
                },
                "5,5",
                "5,4",
                "5,3",
                "5,2"
              ],
              [
                {
                  "y": -0.5
                },
                "1,0",
                "1,1",
                {
                  "x": 13
                },
                "5,1",
                "5,0"
              ],
              [
                {
                  "y": -0.5,
                  "x": 2
                },
                "2,2",
                "2,3",
                "2,4",
                "2,5",
                {
                  "x": 5
                },
                "6,5",
                "6,4",
                "6,3",
                "6,2"
              ],
              [
                {
                  "y": -0.5
                },
                "2,0",
                "2,1",
                {
                  "x": 13
                },
                "6,1",
                "6,0"
              ],
              [
                {
                  "r": 15,
                  "rx": 6,
                  "ry": 3.25,
                  "y": 0.2400000000000002,
                  "x": -1.25
                },
                "3,3"
              ],
              [
                {
                  "r": 23,
                  "rx": 7,
                  "ry": 3.75,
                  "y": 0.1499999999999999,
                  "x": -1
                },
                "3,4"
              ],
              [
                {
                  "r": 33,
                  "rx": 8,
                  "ry": 4.5,
                  "y": 0.009999999999999787,
                  "x": -0.8499999999999996
                },
                "3,1"
              ],
              [
                {
                  "r": -33,
                  "rx": 9.25,
                  "y": 0.009999999999999787,
                  "x": -0.25
                },
                "7,1"
              ],
              [
                {
                  "r": -23,
                  "rx": 10.5,
                  "ry": 3.75,
                  "y": 0.08000000000000007,
                  "x": -0.3699999999999992
                },
                "7,4"
              ],
              [
                {
                  "r": -15,
                  "rx": 11.75,
                  "ry": 3.5,
                  "y": -0.08000000000000007,
                  "x": -0.3699999999999992
                },
                "7,3"
              ]
        ]
    }
}
