{
    "name": "Reviung5",
    "vendorId": "0x5C06",
    "productId": "0x4F0D",
    "lighting": "qmk_rgblight",
    "matrix": {
        "rows": 1,
        "cols": 5
    },
    "layouts": {
        "keymap": [
            [
                {
                    "y": 0.5,
                    "x": 1.05
                },
                "0,1",
                "0,2",
                "0,3"
            ],
            [
                {
                    "y": 0.19999999999999996,
                    "x": 1.5
                },
                "0,0\n\n\n\n\n\n\n\n\ne",
                {
                    "x": 0.10000000000000009
                },
                "0,1\n\n\n\n\n\n\n\n\ne"
            ],
            [
                {
                    "r": 10,
                    "y": -2.7
                },
                "0,0"
            ],
            [
                {
                    "r": -10,
                    "y": -0.09999999999999998,
                    "x": 4.05
                },
                "0,4"
            ]
        ]
    }
}
